title,content,image,create_by
What my clients say about my work!,"Great Designer, does great work and is very flexible with change. if youâ€™re a programmer and are looking for UI/UX designer is definitely well qualified for the job.","images/slide/image_1.svg","James Quincey, CEO of Coca Cola"
Excellent Service,"Delivered with professionalism and efficiency. Highly recommend!","images/slide/image_2.svg","Anna Smith, Founder of StartupX"
Creative Designs,"Brings innovative ideas and exceptional creativity to every project.","images/slide/image_3.svg","Mark Johnson, Creative Director"
Customer Satisfaction,"Our clients are always happy with our work. Trust us for quality and reliability.","images/slide/image_4.svg","Linda Lee, Customer Relations"
Fast Delivery,"We value your time. Deliver all projects on schedule and with high quality.","images/slide/image_5.svg","David Brown, Project Manager"
Skilled Team,"Our team consists of highly skilled professionals dedicated to excellence.","images/slide/image_6.svg","Susan Clark, HR Manager"
Affordable Pricing,"Quality services at competitive prices. Get the best value for your investment.","images/slide/image_7.svg","Michael Davis, Business Analyst"
Innovative Solutions,"Providing innovative solutions tailored to your business needs.","images/slide/image_8.svg","Nancy Wilson, CTO"
Customer Focus,"We prioritize your needs and ensure complete satisfaction.","images/slide/image_9.svg","Peter Garcia, Sales Director"
Trusted Partner,"Your trusted partner in success. Let's grow together.","images/slide/image_10.svg","Emily Martinez, CEO of TechGrow"